iso3,country_name,income_tier,mean_brightness,total_light,p90_brightness,lit_fraction,light_density,spatial_dispersion,hotspot_count,gini,entropy,urban_concentration
AFG,Afghanistan,Low,0.004804910626262426,19.6809139251709,0.0002137483679689467,0.038330078125,0.12059980630874634,0.31677018785047945,25,0.8656206074924053,3.169617951511579,0.3951888084411621
BDI,Burundi,Low,0.002777228830382228,11.375529289245605,0.0,0.022705078125,0.11876021325588226,0.2701558570844018,9,0.8097389635451238,3.201284614143068,0.37392494082450867
BFA,Burkina Faso,Low,0.0034477279987186193,14.121893882751465,0.00017300326726399362,0.02783203125,0.1184425875544548,0.26774446143794284,19,0.8914073067455248,3.2149713473996906,0.44347643852233887
CAF,Central African Rep.,Low,0.00045363506069406867,1.8580892086029053,0.0,0.0048828125,0.08900735527276993,0.2574998103761438,1,0.8380836272054144,2.341446071165522,0.5617513656616211
COD,Dem. Rep. Congo,Low,0.003071873914450407,12.582395553588867,4.7472869482589886e-05,0.0185546875,0.16064785420894623,0.41873797600000534,14,0.9263299366038238,3.2634065711447793,0.409525990486145
ERI,Eritrea,Low,0.0006762677803635597,2.7699928283691406,0.0,0.00341796875,0.1950923204421997,0.11549586866727823,4,0.8246832381293501,2.692380602454975,0.36612701416015625
ETH,Ethiopia,Low,0.005115375388413668,20.952577590942383,0.0005420418456196785,0.035888671875,0.13672101497650146,0.23279929762237622,28,0.8735688286549832,3.417541746213681,0.38434088230133057
GIN,Guinea,Low,0.002412007190287113,9.879581451416016,0.0,0.018798828125,0.12453529983758926,0.3195029865364605,10,0.8678398201106812,2.985173308726417,0.40177324414253235
GMB,Gambia,Low,0.008491120301187038,34.77962875366211,0.0,0.049072265625,0.17084699869155884,0.3069145626058031,9,0.7751222421987165,3.966316816853925,0.29660212993621826
GNB,Guinea-Bissau,Low,0.0013700538547709584,5.611740589141846,0.0,0.00537109375,0.2527269423007965,0.19052235457884342,2,0.7815188135586468,3.51602764126623,0.3560483753681183
HTI,Haiti,Low,0.00450623594224453,18.457542419433594,0.0,0.02490234375,0.17737191915512085,0.3059843205055524,14,0.8116691582785971,3.7989234310696394,0.3218729794025421
LBR,Liberia,Low,0.002122059464454651,8.69195556640625,0.0,0.0126953125,0.16363734006881714,0.28299019776817,6,0.8128906231302815,3.516807506186579,0.3431270122528076
MDG,Madagascar,Low,0.0014418319333344698,5.905743598937988,0.0,0.012939453125,0.10460332781076431,0.3368301589041593,6,0.8572915362549594,2.8228023525027295,0.5067877173423767
MLI,Mali,Low,0.004225263372063637,17.306678771972656,0.0,0.02734375,0.1523539125919342,0.21617312509549447,23,0.8021557237615853,3.7179170558556396,0.31229832768440247
MOZ,Mozambique,Low,0.0047887712717056274,19.61480712890625,0.00015712407184764743,0.034423828125,0.13417388498783112,0.3776555749401145,21,0.8713094417231315,3.3547959480050453,0.38201165199279785
MWI,Malawi,Low,0.004196562804281712,17.18912124633789,0.0,0.036376953125,0.11122886836528778,0.3514384182196181,16,0.8511568222326742,3.0871504346805274,0.4410010874271393
NER,Niger,Low,0.0032084814738482237,13.141940116882324,0.0,0.01806640625,0.1722766011953354,0.2699828397960775,15,0.8631997477238791,3.4373922998460427,0.30934691429138184
PRK,North Korea,Low,0.006767467595636845,27.719547271728516,0.00023022455570753664,0.0341796875,0.19230644404888153,0.3333914964236425,17,0.8613170051241665,3.892289569489804,0.25746408104896545
RWA,Rwanda,Low,0.008205841295421124,33.61112594604492,0.0039503565058112144,0.072998046875,0.10872984677553177,0.2627598053873908,14,0.8122930681029219,3.262367793464886,0.3963962495326996
SLE,Sierra Leone,Low,0.0023038028739392757,9.436376571655273,0.0,0.014892578125,0.15187807381153107,0.2966055802687696,14,0.7417310088761855,3.7875421438100196,0.34915077686309814
SOM,Somalia,Low,0.0009706835262477398,3.975919723510742,0.0,0.007080078125,0.13149626553058624,0.29193638087025786,8,0.8489257198768634,2.968533149628565,0.39944741129875183
SSD,S. Sudan,Low,0.0010719973361119628,4.3909010887146,0.0,0.00830078125,0.12652793526649475,0.3144809751805992,7,0.7773230256872772,3.262352611691213,0.33086350560188293
SYR,Syria,Low,0.01335778646171093,54.71349334716797,0.009483959525823593,0.098388671875,0.13287298381328583,0.4214124023477994,46,0.8242466382634797,3.692760119148984,0.352957159280777
TCD,Chad,Low,0.0010285911848768592,4.213109493255615,0.0,0.00439453125,0.2264428734779358,0.24623570579948592,5,0.9168169955044538,2.905764584655453,0.2453402727842331
TGO,Togo,Low,0.007810829672962427,31.9931583404541,0.0045344107784330845,0.067626953125,0.11064230650663376,0.36913301372008267,13,0.8261037355788836,3.3095751715779795,0.388553261756897
UGA,Uganda,Low,0.00633876072242856,25.963563919067383,0.001381422858685255,0.04638671875,0.1312805563211441,0.2690814230076889,17,0.8664856756803845,3.314087640957248,0.3761580288410187
YEM,Yemen,Low,0.007413678802549839,30.36642837524414,0.0011621109442785382,0.0537109375,0.13399550318717957,0.31198759482026356,29,0.8550721089122364,3.543903048123096,0.35051241517066956
AGO,Angola,Lower-Middle,0.003156611928716302,12.929482460021973,0.0,0.02099609375,0.14580722153186798,0.31790894660956576,10,0.9037194939699122,3.4373031669870855,0.39701879024505615
BEN,Benin,Lower-Middle,0.004653987940400839,19.062734603881836,0.00022899976465851068,0.033935546875,0.13176381587982178,0.263746034476758,9,0.862896921090641,3.3883862855915043,0.3692866563796997
BGD,Bangladesh,Lower-Middle,0.0396285317838192,162.31846618652344,0.11264631897211075,0.341552734375,0.115169458091259,0.3004374693585598,81,0.6055417823152838,3.7329908148407016,0.30087926983833313
BOL,Bolivia,Lower-Middle,0.005637306720018387,23.090408325195312,0.0013834149576723576,0.040283203125,0.13281424343585968,0.24998995618024522,19,0.9168043267278707,3.117642099285126,0.45632198452949524
BTN,Bhutan,Lower-Middle,0.007698828354477882,31.534400939941406,0.0025415215641260147,0.068115234375,0.10974916815757751,0.36377675515279057,32,0.78025433927627,3.4271561452836043,0.37034541368484497
CIV,Côte d'Ivoire,Lower-Middle,0.02944811061024666,120.61946105957031,0.05682514235377312,0.375732421875,0.0764622613787651,0.33053103440453974,108,0.7027492865081151,2.920276969323904,0.4225790798664093
CMR,Cameroon,Lower-Middle,0.0036805574782192707,15.075563430786133,0.0001593391934875399,0.02783203125,0.12638814747333527,0.31320075228719374,16,0.8820756126709255,3.2462981651208507,0.4111643135547638
COG,Congo,Lower-Middle,0.001666627824306488,6.826507568359375,0.0,0.0068359375,0.23706626892089844,0.2815460238828704,3,0.9399647060172898,3.2943360657504512,0.4519532024860382
DJI,Djibouti,Lower-Middle,0.0014976372476667166,6.134322166442871,0.0,0.012451171875,0.11834060400724411,0.2342333850647117,7,0.7134772397969662,3.2503510785336447,0.40424636006355286
EGY,Egypt,Lower-Middle,0.017135940492153168,70.18881225585938,0.008673534728586674,0.097412109375,0.17378108203411102,0.27292700937473985,19,0.7914411059715281,4.32285566356717,0.24981459975242615
GHA,Ghana,Lower-Middle,0.02060336247086525,84.39137268066406,0.03656639903783798,0.188720703125,0.1046646311879158,0.3373014278576067,51,0.8348055214921619,3.315840194845835,0.40287303924560547
GUY,Guyana,Lower-Middle,0.0033677457831799984,13.794286727905273,0.0,0.015625,0.20828673243522644,0.22779615555517563,8,0.8951210750477481,3.5725299787950355,0.2965128719806671
HND,Honduras,Lower-Middle,0.01487062033265829,60.91006088256836,0.01912497729063034,0.134521484375,0.10674973577260971,0.26967703483048794,46,0.8056171978936699,3.3502758472040934,0.39162784814834595
IND,India,Lower-Middle,0.04640181362628937,190.06182861328125,0.15643686056137085,0.325439453125,0.1420578956604004,0.2690292303413814,68,0.5594556849678476,4.141348564314612,0.23920956254005432
IRQ,Iraq,Lower-Middle,0.013985827565193176,57.28594970703125,0.01866135001182556,0.13623046875,0.099375419318676,0.2962372213335729,44,0.8155235620160781,3.1992277526554513,0.4148212671279907
KEN,Kenya,Lower-Middle,0.006996902171522379,28.659311294555664,0.0026876050978899,0.064697265625,0.10416565090417862,0.24673169291917454,22,0.8278704677427313,3.252688297093737,0.41583478450775146
KGZ,Kyrgyzstan,Lower-Middle,0.016963697969913483,69.48330688476562,0.016515426337718964,0.11962890625,0.13872115314006805,0.3392026131303402,34,0.8147183934048765,3.7539034001057536,0.3357342481613159
LKA,Sri Lanka,Lower-Middle,0.024589693173766136,100.7193832397461,0.05382862687110901,0.22509765625,0.10647495836019516,0.32334747205168823,50,0.7585263792407086,3.5158835367641412,0.36055421829223633
LSO,Lesotho,Lower-Middle,0.004174988251179457,17.100751876831055,0.0,0.028076171875,0.1464112550020218,0.3001982007136622,13,0.7757561231169317,3.585226521747552,0.3282283544540405
MAR,Morocco,Lower-Middle,0.00797292310744524,32.6570930480957,0.0016406731447204947,0.060791015625,0.12801440060138702,0.2020841111917544,33,0.836081913107507,3.565999916773063,0.35842373967170715
MMR,Myanmar,Lower-Middle,0.008359663188457489,34.241180419921875,0.005858555436134338,0.079345703125,0.10117363929748535,0.22971946729401527,40,0.8187870843177547,3.2300710177724867,0.41474449634552
MNG,Mongolia,Lower-Middle,0.00418661255389452,17.148365020751953,0.001053964952006936,0.033447265625,0.1171707957983017,0.27080384771652727,22,0.8870207283975746,3.050239610958124,0.43607190251350403
MRT,Mauritania,Lower-Middle,0.0015827439492568374,6.482919216156006,0.0,0.0126953125,0.11989618837833405,0.26470138735417403,6,0.8626417711952497,2.6518671913789555,0.4782124161720276
NGA,Nigeria,Lower-Middle,0.012020645663142204,49.23656463623047,0.004713471978902817,0.07666015625,0.15212604403495789,0.2994640597147455,36,0.8958877544953026,3.7659741280527035,0.325560063123703
NIC,Nicaragua,Lower-Middle,0.009192097932100296,37.65083312988281,0.0040403795428574085,0.076171875,0.117377869784832,0.23946977820546145,34,0.8264446835874493,3.399937078703181,0.3811482787132263
NPL,Nepal,Lower-Middle,0.021892160177230835,89.6702880859375,0.01951250433921814,0.121337890625,0.1773989200592041,0.3098955834511362,26,0.770417121087817,4.303777089963857,0.24459700286388397
PAK,Pakistan,Lower-Middle,0.014895157888531685,61.01056671142578,0.021030589938163757,0.12939453125,0.11236800998449326,0.27780852276865414,25,0.7751924612003507,3.6353561265626997,0.33822640776634216
PHL,Philippines,Lower-Middle,0.009415804408490658,38.567134857177734,0.004438954871147871,0.075927734375,0.12036672234535217,0.33859750724745646,27,0.8357282167443865,3.432852957253995,0.38702380657196045
PNG,Papua New Guinea,Lower-Middle,0.0009304666891694069,3.8111915588378906,0.0,0.00439453125,0.20921561121940613,0.17492557941402775,3,0.7330932450815528,3.080500530640267,0.2655421197414398
PSE,Palestine,Lower-Middle,0.07700426876544952,315.40948486328125,0.2018950879573822,0.59814453125,0.1277855932712555,0.34624406789404255,64,0.6184660191303994,3.97852355744502,0.29145190119743347
SDN,Sudan,Lower-Middle,0.00662318617105484,27.128570556640625,0.0,0.046630859375,0.13948100805282593,0.2630905569049212,24,0.8131689780867233,3.6440240915621738,0.3311264216899872
SEN,Senegal,Lower-Middle,0.007638121023774147,31.285743713378906,0.003666065400466323,0.062255859375,0.11718761175870895,0.2660987658759282,17,0.8603672404920679,3.2160121414895584,0.4097329080104828
SLB,Solomon Is.,Lower-Middle,0.0,0.0,0.0,0.0,0.0,0.0,0,0.0,0.0,0.0
SLV,El Salvador,Lower-Middle,0.02260449156165123,92.58799743652344,0.04115206003189087,0.20556640625,0.10708003491163254,0.3026520122247745,41,0.7756853798364978,3.4384628094106513,0.37615641951560974
SWZ,eSwatini,Lower-Middle,0.015141995623707771,62.02161407470703,0.018973033875226974,0.125732421875,0.11760152876377106,0.3024790571893782,37,0.7485063842899151,3.6610535061914917,0.3411441445350647
TJK,Tajikistan,Lower-Middle,0.012281466275453568,50.30488586425781,0.00812260340899229,0.091552734375,0.12993769347667694,0.2763359846073053,23,0.8318303159599398,3.6900753214550894,0.34417974948883057
TUN,Tunisia,Lower-Middle,0.015366394072771072,62.94075012207031,0.02281120792031288,0.138427734375,0.10772433131933212,0.283967658235929,60,0.8191722544570816,3.419952439791481,0.38059523701667786
TZA,Tanzania,Lower-Middle,0.00842877384275198,34.52425765991211,0.004131885711103678,0.066162109375,0.12135862559080124,0.3398621635783029,36,0.8654794945188062,3.314098025459868,0.39741477370262146
UKR,Ukraine,Lower-Middle,0.007381502538919449,30.234634399414062,0.0026275806594640017,0.061279296875,0.1158754751086235,0.28873681594277467,36,0.8648339515024064,3.3375366040556234,0.40465033054351807
UZB,Uzbekistan,Lower-Middle,0.009532060474157333,39.04331970214844,0.0004583646368701011,0.062744140625,0.15012015402317047,0.2437748485584087,18,0.7672722964362193,4.052177658722062,0.27953675389289856
VNM,Vietnam,Lower-Middle,0.015628313645720482,64.0135726928711,0.018221266567707062,0.122802734375,0.1243075355887413,0.3610346929032059,32,0.8100586898330655,3.7046931920629103,0.3446785509586334
VUT,Vanuatu,Lower-Middle,0.0006323974230326712,2.5902998447418213,0.0,0.002197265625,0.2828947901725769,0.11833606380522203,2,0.7260360779982269,2.94770277922009,0.39276477694511414
ZMB,Zambia,Lower-Middle,0.00481895636767149,19.738445281982422,0.0,0.0283203125,0.16594818234443665,0.2964780653305099,18,0.8742261956100124,3.784174929793046,0.30269062519073486
ZWE,Zimbabwe,Lower-Middle,0.007820114493370056,32.03118896484375,0.0011224517365917563,0.046142578125,0.16465267539024353,0.28742163733872617,30,0.8587071466542364,3.659643791391493,0.3136453330516815
ALB,Albania,Upper-Middle,0.020976509898900986,85.91978454589844,0.03766356408596039,0.171630859375,0.11945445090532303,0.30234168529922484,43,0.7853995978871104,3.649508487280174,0.3493543863296509
ARG,Argentina,Upper-Middle,0.01874259114265442,76.7696533203125,0.03011208400130272,0.17041015625,0.10654989629983902,0.2888534270831971,78,0.8375052363686024,3.29839275192382,0.3985240161418915
ARM,Armenia,Upper-Middle,0.009342601522803307,38.267295837402344,0.005111402831971645,0.0810546875,0.11199605464935303,0.2999138542886208,17,0.7954468183183863,3.480230110383187,0.3562711477279663
AZE,Azerbaijan,Upper-Middle,0.01719585433602333,70.43421936035156,0.024177860468626022,0.155517578125,0.10665673017501831,0.3212344349896719,46,0.8166393209887044,3.2701889199303458,0.41483941674232483
BIH,Bosnia and Herz.,Upper-Middle,0.034285902976989746,140.43505859375,0.08691764622926712,0.2568359375,0.1315191239118576,0.31410762993415486,74,0.7326871260072625,3.91868552596037,0.3095720410346985
BLR,Belarus,Upper-Middle,0.014425121247768402,59.085296630859375,0.01159227080643177,0.107666015625,0.128145232796669,0.3195900525994335,49,0.8758510782505808,3.502274131050436,0.38164013624191284
BLZ,Belize,Upper-Middle,0.008178853429853916,33.50058364868164,0.002499639056622982,0.07177734375,0.11130593717098236,0.3417596259134293,26,0.7706469965911789,3.4024275815646425,0.3721978962421417
BRA,Brazil,Upper-Middle,0.02078411914408207,85.13175201416016,0.03692787513136864,0.181640625,0.11159008741378784,0.27190402960924287,60,0.8076191191806756,3.4670801074884894,0.3851790726184845
BWA,Botswana,Upper-Middle,0.004788551479578018,19.613906860351562,0.0,0.0341796875,0.13583986461162567,0.2928048010648498,19,0.8427982914123935,3.519208513425686,0.34539514780044556
CHN,China,Upper-Middle,0.02681192010641098,109.82162475585938,0.05823437124490738,0.195556640625,0.13484422862529755,0.2666943905922845,56,0.8158205855685774,3.8713646639702066,0.3349998891353607
COL,Colombia,Upper-Middle,0.011914948932826519,48.80363082885742,0.01051631011068821,0.10205078125,0.11294397711753845,0.21990674587941533,41,0.8393235138810338,3.405172936168054,0.3785112798213959
CRI,Costa Rica,Upper-Middle,0.0151896420866251,62.216773986816406,0.022653084248304367,0.148681640625,0.09851573407649994,0.3019363908677677,32,0.7944423688721383,3.2083064764341316,0.432380348443985
CUB,Cuba,Upper-Middle,0.009072685614228249,37.161720275878906,0.005415173247456551,0.082763671875,0.10629986971616745,0.38520494173435205,33,0.8269105212958501,3.245954517273291,0.39946144819259644
DOM,Dominican Rep.,Upper-Middle,0.019422363489866257,79.55400085449219,0.030036024749279022,0.170166015625,0.11085538566112518,0.30235372089749224,45,0.8025471981941474,3.440315930089939,0.3749818205833435
DZA,Algeria,Upper-Middle,0.013185721822082996,54.00871658325195,0.008913097903132439,0.095703125,0.13544945418834686,0.2313538870997392,43,0.7808064035074609,3.932720570427928,0.3026733696460724
ECU,Ecuador,Upper-Middle,0.021090079098939896,86.38496398925781,0.03263697028160095,0.177001953125,0.11599300056695938,0.28936988047723256,48,0.8181382823495882,3.506847630041619,0.3778151869773865
FJI,Fiji,Upper-Middle,0.001164717017672956,4.770680904388428,0.0,0.005859375,0.19711236655712128,0.22018591067398388,6,0.6572310797976597,3.688721875540867,0.3619168996810913
GAB,Gabon,Upper-Middle,0.0047842045314610004,19.596101760864258,0.0009436983382329345,0.030517578125,0.1478441208600998,0.31321044243447566,14,0.9077731765266663,2.9794278240834045,0.37877732515335083
GEO,Georgia,Upper-Middle,0.014599889516830444,59.8011474609375,0.02606865018606186,0.14501953125,0.09786025434732437,0.3071905980176293,44,0.7723517818004182,3.2872901599984177,0.3758947551250458
GNQ,Eq. Guinea,Upper-Middle,0.005799447651952505,23.75453758239746,0.0015687710838392377,0.04443359375,0.12417534738779068,0.36294941618674725,12,0.8708623654225705,3.259124143994272,0.42303988337516785
GTM,Guatemala,Upper-Middle,0.01695242151618004,69.43711853027344,0.023534098640084267,0.148193359375,0.11083962768316269,0.2639373897119443,48,0.8036193402470835,3.435784450436894,0.3741702139377594
IDN,Indonesia,Upper-Middle,0.005709782708436251,23.387269973754883,0.0,0.044189453125,0.12704995274543762,0.25384584674002636,18,0.7848744622266417,3.424051456304765,0.3872795104980469
IRN,Iran,Upper-Middle,0.02713876962661743,111.160400390625,0.051541876047849655,0.238037109375,0.11077512055635452,0.32458947562000157,82,0.8079137292009857,3.4478995499322984,0.3763183355331421
JAM,Jamaica,Upper-Middle,0.03564810752868652,146.0146484375,0.07994788885116577,0.3427734375,0.10260605067014694,0.3145404212000425,50,0.7053096150189346,3.4076232871337493,0.37449634075164795
JOR,Jordan,Upper-Middle,0.013131683692336082,53.787376403808594,0.008450062945485115,0.096435546875,0.13449952006340027,0.25297501434004843,20,0.7548221443947667,3.9086169455462954,0.30307742953300476
KAZ,Kazakhstan,Upper-Middle,0.007551075424998999,30.9292049407959,0.002779132453724742,0.0537109375,0.13370434939861298,0.35294815598088164,26,0.8984644353803455,3.2276561891216806,0.37308311462402344
LBN,Lebanon,Upper-Middle,0.024925071746110916,102.09309387207031,0.05999153107404709,0.246826171875,0.09969574958086014,0.31626400113263564,40,0.6705454530820696,3.443398100447169,0.3458961844444275
LBY,Libya,Upper-Middle,0.006575834937393665,26.934619903564453,9.583613427821547e-05,0.04443359375,0.144930899143219,0.3235975035376064,28,0.8486542679705877,3.806079634922958,0.3336353302001953
MDA,Moldova,Upper-Middle,0.013564297929406166,55.559364318847656,0.01637009158730507,0.127685546875,0.10234767943620682,0.28290008508054476,41,0.804997692919379,3.256313219882405,0.40387216210365295
MEX,Mexico,Upper-Middle,0.015421289019286633,63.16559982299805,0.013520635664463043,0.115234375,0.1293405145406723,0.31553897828979593,61,0.8504468933905849,3.523315939539542,0.3608674108982086
MKD,North Macedonia,Upper-Middle,0.023392625153064728,95.81619262695312,0.04175194352865219,0.19091796875,0.11923345923423767,0.3525285786730077,51,0.7966041389552132,3.580022270950026,0.3618767559528351
MNE,Montenegro,Upper-Middle,0.014216996729373932,58.232818603515625,0.01394688617438078,0.111328125,0.12504109740257263,0.2700506519689837,24,0.77839953271941,3.714801732533915,0.34236642718315125
MYS,Malaysia,Upper-Middle,0.012527700513601303,51.31346130371094,0.0049974145367741585,0.07958984375,0.1536194533109665,0.3293995161710601,26,0.8640639204761587,3.900828118335189,0.30542877316474915
NAM,Namibia,Upper-Middle,0.003761537838727236,15.407258987426758,0.0,0.026611328125,0.13691052794456482,0.3251227058172892,28,0.866706930613351,3.491404912557394,0.3591197431087494
PER,Peru,Upper-Middle,0.012571288272738457,51.49199676513672,0.008353570476174355,0.091796875,0.13257543742656708,0.3366547909539521,60,0.8493393192924614,3.5895219754128354,0.3501074016094208
PRY,Paraguay,Upper-Middle,0.0078213419765234,32.036216735839844,0.004384378902614117,0.072021484375,0.10402892529964447,0.20898521641093465,25,0.8731754973488794,3.0370058503556328,0.443838894367218
RUS,Russia,Upper-Middle,0.005156148690730333,21.119585037231445,0.00011003937106579542,0.03955078125,0.12633857131004333,0.29748693102453505,22,0.8244682235403951,3.616384240742995,0.378221720457077
SRB,Serbia,Upper-Middle,0.03941851481795311,161.45823669433594,0.09863628447055817,0.326171875,0.11903008818626404,0.30496324846405776,97,0.71346759834812,3.747304194629657,0.32329094409942627
SUR,Suriname,Upper-Middle,0.002156390342861414,8.832574844360352,0.0,0.017822265625,0.11852264404296875,0.21938951301487605,4,0.8856740518244546,2.9864281814537943,0.45901480317115784
THA,Thailand,Upper-Middle,0.026125304400920868,107.00924682617188,0.059503231197595596,0.263671875,0.097747802734375,0.32005815100586255,73,0.6891040580437795,3.393955801045347,0.3522317111492157
TKM,Turkmenistan,Upper-Middle,0.008026281371712685,32.875648498535156,0.001311269705183804,0.058837890625,0.13311444222927094,0.32813563896162307,24,0.85164072633565,3.57243300819225,0.38538458943367004
TUR,Turkey,Upper-Middle,0.04093435779213905,167.66712951660156,0.08876317739486694,0.41796875,0.09568601101636887,0.35044014691925396,131,0.7265634940434933,3.304408210218476,0.38913193345069885
VEN,Venezuela,Upper-Middle,0.006998663768172264,28.666526794433594,0.002011032309383154,0.0517578125,0.12971438467502594,0.2521630399546491,22,0.8994674826134932,3.270060039076781,0.3971642255783081
ZAF,South Africa,Upper-Middle,0.014232661575078964,58.29698181152344,0.016320032998919487,0.12548828125,0.1091533750295639,0.33725498535978776,36,0.8422675035493556,3.327641349034026,0.40249863266944885
ARE,United Arab Emirates,High,0.0230245403945446,94.30851745605469,0.03662508726119995,0.157470703125,0.14414003491401672,0.2893499544486394,32,0.7579965577151337,3.853028566787719,0.3114622235298157
AUS,Australia,High,0.007250888738781214,29.69964027404785,0.0018291003070771694,0.051513671875,0.13519755005836487,0.3905547810362442,22,0.9093305524185822,3.1790574183093208,0.38511762022972107
AUT,Austria,High,0.031825631856918335,130.3577880859375,0.07579806447029114,0.291015625,0.1072486862540245,0.34070876729451816,83,0.7283039570585177,3.552830033748086,0.3402189612388611
BEL,Belgium,High,0.058924708515405655,241.35560607910156,0.1568678915500641,0.47314453125,0.1237514317035675,0.30359936592638825,62,0.6121936254051898,3.8727625970690776,0.28448811173439026
BHS,Bahamas,High,0.0032275808043777943,13.220170974731445,0.0,0.017333984375,0.1831236034631729,0.417287760636825,3,0.8097514005721873,3.419300078655258,0.29587286710739136
BRN,Brunei,High,0.01855761557817459,76.01199340820312,0.014708461239933968,0.11328125,0.16076163947582245,0.24747681984277758,9,0.8141756590707045,3.956671010576435,0.2930455505847931
CAN,Canada,High,0.1850786954164505,758.0823364257812,0.5766494274139404,0.509033203125,0.36323148012161255,0.3291548177227544,44,0.42739727724916365,5.218375773612581,0.11085512489080429
CHE,Switzerland,High,0.04322681576013565,177.05703735351562,0.11990125477313995,0.327392578125,0.13052065670490265,0.3156082031305258,89,0.7009535723166058,3.9469761968972388,0.30033203959465027
CHL,Chile,High,0.008913302794098854,36.508888244628906,0.002074019517749548,0.069091796875,0.126164972782135,0.2913600709470401,27,0.8382487591837664,3.4809009429032822,0.37467852234840393
CYP,Cyprus,High,0.03740336745977402,153.20419311523438,0.07912113517522812,0.3212890625,0.11505468934774399,0.33153838596010177,45,0.7276453792801307,3.5575298174329433,0.36159074306488037
CZE,Czechia,High,0.04043693095445633,165.62966918945312,0.09777363389730453,0.4130859375,0.09568615257740021,0.32292585997162404,125,0.7130480027102544,3.401886648620503,0.3521215617656708
DEU,Germany,High,0.06253904104232788,256.159912109375,0.16526862978935242,0.522216796875,0.118357814848423,0.3309987554804126,146,0.6885164364620091,3.753046807716549,0.3245280981063843
DNK,Denmark,High,0.021943554282188416,89.88079833984375,0.031242113560438156,0.177734375,0.11890105158090591,0.3449773185414795,63,0.8152704209684969,3.4893113765751393,0.36920860409736633
ESP,Spain,High,0.0370137058198452,151.60813903808594,0.07293124496936798,0.317626953125,0.11325055360794067,0.35222880272711776,81,0.7784165215675376,3.4880142931082965,0.37500444054603577
EST,Estonia,High,0.013442493975162506,55.060455322265625,0.012074839323759079,0.10986328125,0.11686822772026062,0.33519014269693,29,0.877660560308055,3.189166830830898,0.4128011167049408
FIN,Finland,High,0.02824218198657036,115.67997741699219,0.046241383999586105,0.34033203125,0.08070200681686401,0.35652094578096105,64,0.7572706726861069,2.762536711122542,0.45681315660476685
FRA,France,High,0.0033711816649883986,13.80836009979248,0.0,0.027099609375,0.12413746863603592,0.13304189481136372,15,0.622798791461447,3.5618005873578436,0.32507047057151794
GBR,United Kingdom,High,0.0337003692984581,138.03671264648438,0.08333072066307068,0.234619140625,0.1417461782693863,0.299155574301174,65,0.760549778338101,3.9975968635095502,0.30433589220046997
GRC,Greece,High,0.021848928183317184,89.49320983886719,0.04743040353059769,0.20556640625,0.10409997403621674,0.32169236890026687,66,0.7263933782863041,3.4763559872101526,0.36185771226882935
HRV,Croatia,High,0.02352183684706688,96.34544372558594,0.0545346736907959,0.20361328125,0.11407656222581863,0.34025959614478674,66,0.7053297431846917,3.6625851377092973,0.33280304074287415
HUN,Hungary,High,0.03703037276864052,151.67640686035156,0.08155705034732819,0.364501953125,0.09908301383256912,0.3311394392303098,127,0.7517758276238831,3.3413512361964446,0.38514426350593567
IRL,Ireland,High,0.023779433220624924,97.40055847167969,0.03624635562300682,0.207763671875,0.10952097922563553,0.3287761513590275,74,0.8210486493572211,3.3294737138116752,0.3970940113067627
ISR,Israel,High,0.03623734414577484,148.42816162109375,0.08539706468582153,0.233154296875,0.15408702194690704,0.297694501121626,38,0.6896748301613995,4.166123349476783,0.2799961268901825
ITA,Italy,High,0.04229225218296051,173.22906494140625,0.13403448462486267,0.2841796875,0.1482688933610916,0.34700373170449517,58,0.5879308276729376,4.184875583677273,0.25782710313796997
JPN,Japan,High,0.012946853414177895,53.030311584472656,0.013598326593637466,0.112060546875,0.11251836270093918,0.326346842147227,36,0.7694797590723355,3.5238217545827,0.35839730501174927
KOR,South Korea,High,0.057789407670497894,236.70541381835938,0.13298362493515015,0.539794921875,0.10552322864532471,0.34332912281920436,64,0.7272705363398049,3.386193944491083,0.37244856357574463
KWT,Kuwait,High,0.033565789461135864,137.4854736328125,0.05928754806518555,0.240478515625,0.13568703830242157,0.3015740582077717,40,0.7980363852840489,3.655903477231727,0.35080379247665405
LTU,Lithuania,High,0.012919599190354347,52.918678283691406,0.00701364129781723,0.0849609375,0.14604033529758453,0.33397237730918145,43,0.8828639672184297,3.722157734485728,0.3422520160675049
LUX,Luxembourg,High,0.06699618697166443,274.4163818359375,0.17805394530296326,0.620361328125,0.10704237967729568,0.34919520687543276,54,0.6908185433490805,3.485095910813783,0.3470349907875061
LVA,Latvia,High,0.010649285279214382,43.61947250366211,0.0041055576875805855,0.067626953125,0.15157853066921234,0.28956021462314063,36,0.8785907205107384,3.807211791059002,0.3201272487640381
NLD,Netherlands,High,0.04967804253101349,203.48126220703125,0.13303101062774658,0.39306640625,0.1251923143863678,0.3073750632015878,88,0.6737996001287729,3.872896858933195,0.3082992434501648
NOR,Norway,High,0.01921912282705307,78.72152709960938,0.06844349205493927,0.159912109375,0.11937203258275986,0.412909438034777,33,0.5410084693822492,3.650891716200363,0.2755920886993408
NZL,New Zealand,High,0.0038710252847522497,15.855719566345215,0.0,0.034423828125,0.1088162511587143,0.32893188396491047,16,0.8602877645318154,3.1552413216593775,0.45262202620506287
OMN,Oman,High,0.010796877555549145,44.2240104675293,0.005533398129045963,0.0859375,0.1230677142739296,0.31239614731434967,43,0.7943242207243157,3.7131861685820042,0.3392021358013153
PAN,Panama,High,0.009400313720107079,38.503684997558594,0.005425366573035717,0.078125,0.11594103276729584,0.28669478396835735,17,0.8416442348216109,3.3384523669978172,0.37793368101119995
POL,Poland,High,0.05481761693954468,224.532958984375,0.1418094038963318,0.47705078125,0.11299099028110504,0.3240918573156321,180,0.731463914370649,3.62291485795916,0.3442670702934265
PRT,Portugal,High,0.04851599037647247,198.72149658203125,0.13014870882034302,0.388427734375,0.12326034158468246,0.3164774173078377,80,0.7086645201908974,3.8307129941727487,0.3141879737377167
QAT,Qatar,High,0.05805971100926399,237.8125762939453,0.15431204438209534,0.320068359375,0.17709192633628845,0.31466228087605674,32,0.7989390215143779,4.216041392389289,0.26663899421691895
ROU,Romania,High,0.03463839739561081,141.87887573242188,0.06813974678516388,0.429443359375,0.07860960066318512,0.3424839091950443,113,0.7168118899363387,2.9447594177634047,0.41931721568107605
SAU,Saudi Arabia,High,0.018277890980243683,74.86624145507812,0.02465987578034401,0.140380859375,0.12718737125396729,0.28656247133281515,63,0.8284346374745679,3.675955589865313,0.35180342197418213
SVK,Slovakia,High,0.03119657188653946,127.78115844726562,0.06995676457881927,0.287353515625,0.10634999722242355,0.3368380317509622,81,0.7537014038464982,3.491374088227892,0.3613600730895996
SVN,Slovenia,High,0.033389411866664886,136.76303100585938,0.08528468012809753,0.283447265625,0.1159498393535614,0.33317595317789483,89,0.7203418657110048,3.7105330722534586,0.3214206099510193
SWE,Sweden,High,0.029247019439935684,119.79579162597656,0.06406672298908234,0.28173828125,0.10176435858011246,0.3830415284999668,72,0.7553352121430326,3.3587529243476855,0.39086562395095825
TTO,Trinidad and Tobago,High,0.0406656488776207,166.56649780273438,0.09855188429355621,0.296875,0.13553112745285034,0.28690560546093535,14,0.7242515645149499,3.8911929325247665,0.31843677163124084
TWN,Taiwan,High,0.03957435488700867,162.0965576171875,0.11265141516923904,0.259765625,0.15105368196964264,0.35170223940432616,22,0.6747556363705787,4.197490339563919,0.26631230115890503
URY,Uruguay,High,0.010925108566880226,44.749244689941406,0.003196868347004056,0.06689453125,0.1589379757642746,0.3568669010586013,39,0.8664291556054657,3.8628081548319115,0.31216534972190857
USA,United States of America,High,0.02026941440999508,83.02352142333984,0.038012728095054626,0.15625,0.12773168087005615,0.3832685743273872,36,0.7267073872551486,3.7504866141749447,0.3249529004096985
